platform,market_focus,media,domain_candidate,access_code,access_interpretation,evidence,desktop_chrome,extension_support,notes,source_urls,source_titles,research_date
YouTube,Global and North America,Video,youtube.com,M,Free/paid or mixed ad-supported offering documented,Model documented,"Not playback-tested; verify region, plan and player",Not qualified by this research,"Free ad-supported movie catalog documented in selected countries; creator videos, Shorts and live require separate tests. Existing adapter is not proof of all surfaces.",https://support.google.com/youtube/answer/16618963?hl=en,Free Primetime Movies & Shows on YouTube - YouTube Help,2026-09-06
Twitch,Global and North America,Video,twitch.tv,M,Free/paid or mixed ad-supported offering documented,Model documented,"Not playback-tested; verify region, plan and player",Not qualified by this research,Live ads and streamer sponsorships differ; Turbo does not remove every promotion.,https://help.twitch.tv/s/article/twitch-turbo-guide?language=en_US,Turbo Overview and FAQ,2026-09-06
Dailymotion,Global and North America,Video,dailymotion.com,F,Free ad-supported offering documented,Model documented,"Not playback-tested; verify region, plan and player",Not qualified by this research,In-stream ads; embedded Dailymotion players are another important surface.,https://faq.dailymotion.com/hc/en-us/articles/115009132048-Ad-positions,Ad positions – Dailymotion Help Center,2026-09-06
Kick,Global and North America,Video,kick.com,F,Free ad-supported offering documented,Model documented,"Not playback-tested; verify region, plan and player",Not qualified by this research,Official July 2026 help confirms ads; varies by viewer location/channel/language.,https://help.kick.com/en/articles/15300357-advertising-on-kick-for-viewers,Advertising on KICK For Viewers | Kick.com Help Center,2026-09-06
Rumble,Global and North America,Video,rumble.com,M,Free/paid or mixed ad-supported offering documented,Model documented,"Not playback-tested; verify region, plan and player",Not qualified by this research,Advertising confirmed; free/premium playback and each ad format need testing.,https://ads.rumble.com/,"Rumble | Partner With Rumble | Ad and Revenue Solutions For Advertisers, Creators, and Publishers",2026-09-06
Tubi,Global and North America,Video,tubitv.com,F,Free ad-supported offering documented,Model documented,"Not playback-tested; verify region, plan and player",Not qualified by this research,Free VOD and live channels; territory-specific catalogs and devices.,https://tubitv.com/welcome ; https://tubitv.com/help-center/About-Tubi/articles/4409969055259,Tubi: free streaming ; Tubi supported devices outside the US,2026-09-06
Pluto TV,Global and North America,Video,pluto.tv,F,Free ad-supported offering documented,Model documented,"Not playback-tested; verify region, plan and player",Not qualified by this research,Free live channels and on-demand; not globally available.,https://pluto.tv/where-to-watch,Pluto TV: where to watch,2026-09-06
The Roku Channel,Global and North America,Video,therokuchannel.roku.com,M,Free/paid or mixed ad-supported offering documented,Model documented,"Not playback-tested; verify region, plan and player",Not qualified by this research,Free ad-supported catalog plus subscriptions. Roku documents web in US/Canada/UK; Mexico device-only in cited help.,https://support.roku.com/en-gb/article/get-the-roku-channel ; https://advertising.roku.com/solutions/advertise/the-roku-channel,How to get The Roku Channel | Official Roku Support United Kingdom ; The Roku Channel | Roku Advertising,2026-09-06
Plex,Global and North America,Video,watch.plex.tv,F,Free ad-supported offering documented,Model documented,"Not playback-tested; verify region, plan and player",Not qualified by this research,"Target Plex's free catalog, not the user's personal media library.",https://support.plex.tv/articles/frequently-asked-questions-vod/,FAQ - Free Movies & Shows | Plex Support,2026-09-06
Xumo Play,Global and North America,Video,play.xumo.com,F,Free ad-supported offering documented,Model documented,"Not playback-tested; verify region, plan and player",Not qualified by this research,Free ad-supported; distinguish Xumo Play from Xumo hardware.,https://support.xumo.com/hc/en-us/articles/22542847894804-Do-I-have-to-pay-for-Xumo-Play,Do I have to pay for Xumo Play? – Xumo,2026-09-06
Sling Freestream,Global and North America,Video,watch.sling.com,F,Free ad-supported offering documented,Model documented,"Not playback-tested; verify region, plan and player",Not qualified by this research,Free live/VOD catalog; paid Sling is separate entitlement.,https://www.sling.com/help/en/learn-about-sling/promotions/freestream,The Sling Freestream Experience Explained | Sling TV Help,2026-09-06
Philo Free Channels,Global and North America,Video,philo.com,F,Free ad-supported offering documented,Model documented,"Not playback-tested; verify region, plan and player",Not qualified by this research,Free channels alongside paid Philo plans.,https://help.philo.com/account-billing/free-channels-experience/,Philo Free Channels: 150+ Channels at No Cost | Philo Help,2026-09-06
Prime Video,Global and North America,Video,primevideo.com,M,Free/paid or mixed ad-supported offering documented,Model documented,"Not playback-tested; verify region, plan and player",Not qualified by this research,Paid-with-ads and a distinct free catalog in supported markets; former Freevee is integrated here.,https://advertising.amazon.com/en-us/library/guides/free-ad-supported-streaming-tv/ ; https://www.itv.com/presscentre/presscentre/media-releases/itvx-premium-launches-prime-video-uk-add-subscription,Get more out of your Streaming TV ads with FAST | Amazon Ads ; ITVX Premium Launches on Prime Video in the UK as an Add-On Subscription | Press Centre,2026-09-06
Netflix,Global and North America,Video,netflix.com,P,Paid ad-supported offering documented; not generally free,Model documented,"Not playback-tested; verify region, plan and player",Not qualified by this research,Paid ad-supported plans; no general free tier. Ads cannot be skipped using the normal player.,https://help.netflix.com/go/ads,Ads on Netflix,2026-09-06
Disney+,Global and North America,Video,disneyplus.com,P,Paid ad-supported offering documented; not generally free,Model documented,"Not playback-tested; verify region, plan and player",Not qualified by this research,Paid ad-supported tiers only in relevant markets.,https://press.disneyplus.com/ad-supported-disney-plus-plan-now-available-in-the-us ; https://www.disneyplus.com/explore/what-is-disneyplus?msockid=3cc1646b361760fe1c2472e0372861a0,Ad-Supported Disney+ Plan Now Available In The U.S. With More Than 100 Advertisers Across All Major Categories At Launch | Disney Plus Press ; What is Disney+ | Learn More About Disney+,2026-09-06
Hulu,Global and North America,Video,hulu.com,P,Paid ad-supported offering documented; not generally free,Model documented,"Not playback-tested; verify region, plan and player",Not qualified by this research,Paid ad-supported service; Hulu content inside Disney+ is a separate player surface.,https://www.disneyplus.com/explore/what-is-disneyplus?msockid=3cc1646b361760fe1c2472e0372861a0,What is Disney+ | Learn More About Disney+,2026-09-06
HBO Max,Global and North America,Video,hbomax.com,P,Paid ad-supported offering documented; not generally free,Model documented,"Not playback-tested; verify region, plan and player",Not qualified by this research,Basic with Ads; country-specific plan and ad load.,https://help.hbomax.com/US/Answer/Detail/000002520,HBO Max | Find out about the HBO Max ad experience that comes with the HBO Max Basic with Ads plan.,2026-09-06
Paramount+,Global and North America,Video,paramountplus.com,P,Paid ad-supported offering documented; not generally free,Model documented,"Not playback-tested; verify region, plan and player",Not qualified by this research,Paid ad-supported plans; live TV can retain ads on higher plans.,https://www.paramountplus.com/account/signup/pickplan/?msockid=339152c80beb6ac234d844180ada6bab,Pick Paramount Plus Plan,2026-09-06
Peacock,Global and North America,Video,peacocktv.com,P,Paid ad-supported offering documented; not generally free,Model documented,"Not playback-tested; verify region, plan and player",Not qualified by this research,Current paid Select/Premium options; do not assume a generally available free tier.,https://www.peacocktv.com/help/article/why-am-i-seeing-ads-as-a-peacock-premium-plus-customer ; https://www.peacocktv.com/plans/all-monthly?successRedirect=%2Fwatch%2Fasset%2Fsports%2Fwwe%2Fwrestlings-bloopers-bleeps-and-bodyslams%2F34153781-8fbf-3c5a-bb5b-3c6ca976ae2d,Will I still see ads as a Peacock Premium Plus customer? ; Peacock - Choose a Plan,2026-09-06
AMC+,Global and North America,Video,amcplus.com,P,Paid ad-supported offering documented; not generally free,Model documented,"Not playback-tested; verify region, plan and player",Not qualified by this research,Paid with-ads option; bundled channel content must retain its access rules.,https://join.amcplus.com/home/,Watch Award-Winning Shows & Movies | AMC+,2026-09-06
discovery+,Global and North America,Video,discoveryplus.com,P,Paid ad-supported offering documented; not generally free,Model documented,"Not playback-tested; verify region, plan and player",Not qualified by this research,Paid ad-supported plan; regional plan availability needs checking.,https://help.philo.com/account-billing/packages/,Philo Subscription Plans & Add-Ons | Philo Help,2026-09-06
Fandango at Home,Global and North America,Video,athome.fandango.com,M,Free/paid or mixed ad-supported offering documented,Model documented,"Not playback-tested; verify region, plan and player",Not qualified by this research,Official catalog explicitly labels free-with-ads titles alongside rentals/purchases. Former Vudu; title availability and desktop playback remain untested.,https://athome.fandango.com/content/movies/ ; https://athome.fandango.com/content/browse/uxrow/Browse-All-Free-Titles/2764 ; https://athome.fandango.com/content/browse/uxrow/Watch-For-Free-with-Ads-Buy-For-4-99/18120,"Rent, Buy, Watch Movies & TV Online | Fandango at Home (Vudu) ; Browse All Free Titles | Stream on Fandango (Vudu) ; Watch For Free with Ads Buy For 4 99 | Stream on Fandango (Vudu)",2026-09-06
FilmRise,Global and North America,Video,filmrise.com,F,Free ad-supported offering documented,Model documented,"Not playback-tested; verify region, plan and player",Not qualified by this research,Ad-supported apps/channels confirmed; main corporate site is not necessarily a full web player. Test distributor hosts.,https://www.filmrise.com/about-us,ABOUT US,2026-09-06
Fawesome,Global and North America,Video,fawesome.tv,F,Free ad-supported offering documented,Model documented,"Not playback-tested; verify region, plan and player",Not qualified by this research,"Official distributor page documents free, advertising-funded VOD. Its device list emphasizes CTV/mobile; do not assume a usable desktop player.",https://fawesome.tv/partnerships/,Fawesome Partners | Independent Artists,2026-09-06
Filmzie,Global and North America,Video,filmzie.com,F,Free ad-supported offering documented,Model documented,"Not playback-tested; verify region, plan and player",Not qualified by this research,Free advertising-funded VOD documented in privacy notice.,https://filmzie.com/legal/en/privacy-notice,Filmzie – quality movie & TV shows free streaming.,2026-09-06
DistroTV,Global and North America,Video,distro.tv,F,Free ad-supported offering documented,Model documented,"Not playback-tested; verify region, plan and player",Not qualified by this research,FAST and VOD; territory/channel variations.,https://blog.distro.tv/news/distrotv-now-set-to-stream-on-major-smart-tv-platforms-in-addition-to-all-key-streaming-devices/,"DistroTV Now Set to Stream on Major Smart TV Platforms, In Addition to All Key Streaming Devices - DistroTV Blog",2026-09-06
Local Now,Global and North America,Video,localnow.com,F,Free ad-supported offering documented,Model documented,"Not playback-tested; verify region, plan and player",Not qualified by this research,Owner documents a free ad-supported service with local news and entertainment. Current desktop playback and geographic access still need qualification.,https://allenmedia.tv/founder/ ; https://allenmedia.tv/allen-media-group-turns-local-now-into-a-free-hyperlocal-streamer/,Founder - Allen Media Group ; Allen Media Group Turns Local Now Into A Free Hyperlocal Streamer - Allen Media Group,2026-09-06
Crunchyroll Channel,Global and North America,Video,help.crunchyroll.com,F,Free ad-supported offering documented,Model documented,"Not playback-tested; verify region, plan and player",Not qualified by this research,Free linear channel on partner platforms; do not treat paid Crunchyroll app as the same service.,https://help.crunchyroll.com/article/crunchyroll-channel,Crunchyroll Channel,2026-09-06
Rakuten Viki,Global and North America,Video,viki.com,M,Free/paid or mixed ad-supported offering documented,Model documented,"Not playback-tested; verify region, plan and player",Not qualified by this research,Free with ads plus Viki Pass; catalog varies by territory.,https://global.rakuten.com/corp/news/press/2024/1118_01.html,"Rakuten Viki Celebrates Second Annual International K-Drama Day on November 29 | Rakuten Group, Inc.",2026-09-06
OnDemandKorea,Global and North America,Video,ondemandkorea.com,M,Free/paid or mixed ad-supported offering documented,Model documented,"Not playback-tested; verify region, plan and player",Not qualified by this research,Official pages document free episodes and advertising on free content; paid plans can reduce ads rather than remove every ad. Qualify free VOD separately from sports and premium titles.,https://www.ondemandkorea.com/en/search ; https://www.contentpromo.ondemandkorea.com/standard-en,"Watch Korean Dramas, Movies Online I OnDemandKorea ; odk_membership_standard_en | contentpromo",2026-09-06
CBC Gem,Canada,Video,gem.cbc.ca,M,Free/paid or mixed ad-supported offering documented,Model documented,"Not playback-tested; verify region, plan and player",Not qualified by this research,"CBC advertising sales page confirms no-cost viewing and paid ad-free videos, with Web/App audience reporting. Canadian availability; live and pause ads require separate qualification.",https://solutionsmedia.cbcrc.ca/en/platforms/cbc-gem ; https://apps.apple.com/ca/app/cbc-gem-movies-tv-live/id422191503?ls=1,"CBC Gem - CBC & Radio-Canada Media Solutions ; ‎CBC Gem: Movies, TV & Live App - App Store",2026-09-06
Crave,Canada,Video,crave.ca,P,Paid ad-supported offering documented; not generally free,Model documented,"Not playback-tested; verify region, plan and player",Not qualified by this research,Current Standard With Ads documented by Bell; do not assume all Crave is free.,https://www.bell.ca/mobility/promotions/Crave-plans,Crave plans | Bell Mobility | Bell Canada,2026-09-06
ITVX,UK and Ireland,Video,itv.com,M,Free/paid or mixed ad-supported offering documented,Model documented,"Not playback-tested; verify region, plan and player",Not qualified by this research,Free ads and Premium; live channels still have ads.,https://help.itv.com/support/solutions/articles/204000073725-why-does-itvx-have-ads- ; https://help.itv.com/support/solutions/articles/204000074053/create_ticket,Why does ITVX have ads? : ; I'm subscribed but still seeing adverts :,2026-09-06
Channel 4,UK and Ireland,Video,channel4.com,M,Free/paid or mixed ad-supported offering documented,Model documented,"Not playback-tested; verify region, plan and player",Not qualified by this research,Former All 4; free streaming with optional Channel 4+ ad-free offering.,https://www.channel4.com/press/news/channel-4-brings-iconic-blocks-back-together-single-brand-streaming-future ; https://assets-corporate.channel4.com/_flysystem/s3/2024-01/Fast%20Forward%20-%20Channel%204%20strategy%20summary.pdf,"Channel 4 brings iconic blocks back together for single brand streaming future | Channel 4 ; To transform Channel 4 into a genuinely digital-first public service streamer, Fast Forward has three key strategic pillars:",2026-09-06
U,UK and Ireland,Video,u.co.uk,F,Free ad-supported offering documented,Model documented,"Not playback-tested; verify region, plan and player",Not qualified by this research,Former UKTV Play; free ad-funded streaming documented.,https://u.co.uk/help/faqs,U Frequently Asked Questions | Help | FAQs | Watch TV on U,2026-09-06
STV Player,UK and Ireland,Video,player.stv.tv,M,Free/paid or mixed ad-supported offering documented,Model documented,"Not playback-tested; verify region, plan and player",Not qualified by this research,Free with ads; subscription/live exceptions.,https://support.stv.tv/support/subscription-pricing ; https://support.stv.tv/support/why-does-stv-player-have-ads-,Subscription Pricing ; Why does STV Player have ads?,2026-09-06
RTÉ Player,UK and Ireland,Video,rte.ie,B,Broadcast advertising documented; separate ad segment not established,Model documented,"Not playback-tested; verify region, plan and player",Not qualified by this research,Live sports sponsorship/ad breaks confirmed; VOD must be tested separately.,https://about.rte.ie/2026/06/03/rte-unveils-heineken-0-0-as-broadcast-sponsor-of-fifa-world-cup-2026-coverage/,RTÉ unveils Heineken 0.0 as broadcast sponsor of FIFA World Cup 2026 coverage – About RTÉ,2026-09-06
Virgin Media Play,UK and Ireland,Video,virginmediatelevision.ie,F,Free ad-supported offering documented,Model documented,"Not playback-tested; verify region, plan and player",Not qualified by this research,Free Irish catch-up/live funded by advertising.,https://www.virginmediatelevision.ie/player-faq,Virgin Media Television - FAQ,2026-09-06
NOW,UK and Ireland,Video,nowtv.com,P,Paid ad-supported offering documented; not generally free,Model documented,"Not playback-tested; verify region, plan and player",Not qualified by this research,Paid on-demand includes ads without Boost/Ultra Boost; live-channel ads remain.,https://www.nowtv.com/gb/help/article/can-i-watch-without-ads,Ads On NOW,2026-09-06
TF1+,France and pan-European services,Video,tf1.fr,M,Free/paid or mixed ad-supported offering documented,Model documented,"Not playback-tested; verify region, plan and player",Not qualified by this research,Free ad-funded catalog; Premium and live exceptions. Former MYTF1.,https://help.tf1.fr/hc/fr/articles/16165591640338-Pourquoi-je-ne-peux-pas-acc%C3%A9der-gratuitement-aux-programmes-et-au-direct-de-cha%C3%AEnes-sur-TF1 ; https://help.tf1.fr/hc/fr/articles/16165603277074-TF1-une-offre-payante-ou-gratuite,"Pourquoi je ne peux pas accéder gratuitement aux programmes et au direct de chaînes sur TF1+ ? – Centre d'aide de TF1+ ; TF1+, une offre payante ? ou gratuite ? – Centre d'aide de TF1+",2026-09-06
M6+,France and pan-European services,Video,m6.fr,M,Free/paid or mixed ad-supported offering documented,Model documented,"Not playback-tested; verify region, plan and player",Not qualified by this research,Free ad-funded with paid options. Former 6play.,https://support.m6plus.m6.fr/hc/fr/articles/27304420678300-Pourquoi-je-ne-peux-pas-acc%C3%A9der-gratuitement-aux-programmes-et-au-direct-de-cha%C3%AEnes-sur-M6 ; https://support.m6plus.m6.fr/hc/fr/articles/13284090995612-Pourquoi-y-a-t-il-des-publicit%C3%A9s-lorsque-je-regarde-un-programme-sur-M6,Pourquoi je ne peux pas accéder gratuitement aux programmes et au direct de chaînes sur M6+ ? – Accéder à M6+ ; Pourquoi y a t-il des publicités lorsque je regarde un programme sur M6+ ? – Accéder à M6+,2026-09-06
france.tv,France and pan-European services,Video,france.tv,F,Free ad-supported offering documented,Model documented,"Not playback-tested; verify region, plan and player",Not qualified by this research,"Official ad-sales site documents free streaming and advertising formats. This establishes an advertising offering, not ads on every program or a skippable segment; qualify children/live/VOD separately.",https://www.francetvpub.fr/marques/france-tv/ ; https://www.francetvpub.fr/?jet_download=33025,"France.tv - France•TV Publicité ; P U B L I C I T É , ",2026-09-06
Rakuten TV,France and pan-European services,Video,rakuten.tv,M,Free/paid or mixed ad-supported offering documented,Model documented,"Not playback-tested; verify region, plan and player",Not qualified by this research,Free ad-supported selection plus transactions; website login needed for Free.,https://support.rakuten.tv/hc/en-us/articles/360036407474-What-is-Rakuten-TV-Free ; https://support.rakuten.tv/hc/en-us/articles/360010835133-Technical-requirements-to-use-Rakuten-TV-on-your-Computer,"What is ""Rakuten TV Free""? – Help Rakuten.TV ; Technical requirements to use Rakuten TV on your Computer – Help Rakuten.TV",2026-09-06
Samsung TV Plus,France and pan-European services,Video,samsungtvplus.com,F,Free ad-supported offering documented,Model documented,"Not playback-tested; verify region, plan and player",Not qualified by this research,Samsung documents FAST advertising and US web-player access. Service availability in other countries does not prove the same browser access. Live playback untested.,https://www.samsung.com/us/tvs/smart-tv/samsung-tv-plus/ ; https://www.samsung.com/us/business/samsungads/blog/2025-newfront-highlights/,Smart TVs | Free Live TV with Samsung TV Plus | Samsung US ; 2025 NewFront Highlights | Blog | Samsung Ads,2026-09-06
LG Channels,France and pan-European services,Video,lgchannels.com,F,Free ad-supported offering documented,Model documented,"Not playback-tested; verify region, plan and player",Not qualified by this research,LG documents free ad-supported channels and US PC-browser access. Global service country counts include device distribution and do not establish browser availability everywhere.,https://www.lg.com/us/lg-channels ; https://www.lgchannels.com/ ; https://www.lg.com/global/newsroom/news/media-entertainment-solution/lg-channels-surpasses-5000-channels-globally-as-poland-launch-brings-service-to-37-countries/,"LG Channels | Free Live TV, Movies, and Shows | LG USA ; LG Channels WEB ; LG Channels Surpasses 5,000 Channels Globally, as Poland Launch Brings Service to 37 Countries",2026-09-06
wedotv,France and pan-European services,Video,wedotv.com,F,Free ad-supported offering documented,Model documented,"Not playback-tested; verify region, plan and player",Not qualified by this research,Official editorial page describes free advertising-funded movies/series; privacy center documents video and ad events. Current territory and desktop playback remain untested.,https://blog.wedotv.com/en/article/what-is-avod ; https://wedotv.com/dsa/,What Is AVOD? Ad-Supported Streaming Explained | wedotv ; wedotv | privacy center,2026-09-06
SkyShowtime,France and pan-European services,Video,skyshowtime.com,P,Paid ad-supported offering documented; not generally free,Model documented,"Not playback-tested; verify region, plan and player",Not qualified by this research,Paid Standard with Ads across relevant European markets.,https://corporate.skyshowtime.com/234778-skyshowtime-announces-introduction-of-new-standard-with-ads-plan/ ; https://corporate.skyshowtime.com/242082-skyshowtime-introduces-a-new-premium-subscription-plan/,SkyShowtime announces introduction of new Standard with Ads plan | SkyShowtime Newsroom ; SkyShowtime introduces a new Premium subscription plan | SkyShowtime Newsroom,2026-09-06
Joyn Germany,Germany Austria Switzerland,Video,joyn.de,M,Free/paid or mixed ad-supported offering documented,Model documented,"Not playback-tested; verify region, plan and player",Not qualified by this research,Free ad-funded service plus paid Joyn+; distinguish live from VOD.,https://www.joyn.de/joyn-plus ; https://www.joyn.de/bts/themen/service/warum-werbung-19845,Dein Joyn+ Abo abschließen | Joyn ; Warum Werbung?,2026-09-06
Joyn Austria,Germany Austria Switzerland,Video,joyn.at,F,Free ad-supported offering documented,Model documented,"Not playback-tested; verify region, plan and player",Not qualified by this research,Owner explicitly documents Austria free ad-funded live/on-demand service and joyn.at access in May 2026. Separate from the German surface; actual player/ad behavior untested.,https://www.prosiebensat1puls4.com/n/sevenone-austria/,Seven.One Austria: Eine neue Marke für geballte Vermarktungspower der ProSiebenSat.1 PULS 4 Gruppe & JOYN Österreich,2026-09-06
RTL+ Germany,Germany Austria Switzerland,Video,plus.rtl.de,M,Free/paid or mixed ad-supported offering documented,Model documented,"Not playback-tested; verify region, plan and player",Not qualified by this research,Official terms document Free with advertising; paid plans also differ.,https://assets.plus.rtl.de/bouncer/agb.html,AGB - Rechtliche Informationen für unsere Dienstleistungen | RTL+,2026-09-06
Zattoo,Germany Austria Switzerland,Video,zattoo.com,M,Free/paid or mixed ad-supported offering documented,Model documented,"Not playback-tested; verify region, plan and player",Not qualified by this research,Free ad-funded Germany/Switzerland; channel/device restrictions.,https://support.zattoo.com/hc/de/articles/34124449157010-Werbung-auf-Zattoo-mit-und-ohne-Abonnement ; https://support.zattoo.com/hc/en-us/articles/34277042164626-Zattoo-prices-and-features-at-a-glance,Werbung auf Zattoo – mit und ohne Abonnement – Zattoo Support ; Zattoo prices and features at a glance – Zattoo Support,2026-09-06
Mediaset Infinity Italy,Italy Spain Portugal,Video,mediasetinfinity.mediaset.it,M,Free/paid or mixed ad-supported offering documented,Model documented,"Not playback-tested; verify region, plan and player",Not qualified by this research,Official GOLD feature reduces advertising interruptions on free content; Infinity+ entitlements separate.,https://help.mediasetinfinity.mediaset.it/hc/it/articles/24880779096977-Scopri-la-GOLD-experience,Scopri la GOLD experience – Mediaset Infinity,2026-09-06
Mediaset Infinity Spain,Italy Spain Portugal,Video,mediasetinfinity.es,F,Free ad-supported offering documented,Model documented,"Not playback-tested; verify region, plan and player",Not qualified by this research,Former Mitele; free catalog and digital advertising documented. Validate current redirects/hostname before code.,https://www.mediaset.es/comunicacion/corporativo/publiespana/20250624/publiespana-ad-infinity_18_015948269.html,"Publiespaña revoluciona la publicidad digital con Ad Infinity, nueva solución integrada en la nueva plataforma Mediaset Infinity",2026-09-06
Atresplayer,Italy Spain Portugal,Video,atresplayer.com,M,Free/paid or mixed ad-supported offering documented,Model documented,"Not playback-tested; verify region, plan and player",Not qualified by this research,"May 2026 official plan article confirms registered free content/live with pre-roll advertising, alongside paid plans. Free catalog is limited; territory and player behavior still need testing.",https://suscripcion.atresplayer.com/hazte-premium/nac/primer/ ; https://www.atresplayer.com/actualidad/cuanto-cuesta-atresplayer-que-planes-ofrece_202605226a108c283ce3f96345d11ea6.html,"Suscripción Atresplayer Premium: Planes y precio ; Todos los planes de suscripción que ofrece atresplayer desde 5,99 euros",2026-09-06
VTM GO,Benelux,Video,vtmgo.be,M,Free/paid or mixed ad-supported offering documented,Model documented,"Not playback-tested; verify region, plan and player",Not qualified by this research,Free pre/mid-roll ads; VTM GO+ and live exceptions.,https://customerservice.vtmgo.be/hc/nl/articles/15017407115409-Krijg-ik-reclame-te-zien-en-hoeveel-onderbrekingen-zijn-dat-dan ; https://customerservice.vtmgo.be/hc/nl/articles/14890461272721-Kan-ik-alles-bekijken-zonder-reclame,Krijg ik reclame te zien en hoeveel onderbrekingen zijn dat dan? – Helpcenter VTM GO ; Kan ik alles bekijken zonder reclame? – Helpcenter VTM GO,2026-09-06
TV4 Play,Nordics,Video,tv4play.se,M,Free/paid or mixed ad-supported offering documented,Model documented,"Not playback-tested; verify region, plan and player",Not qualified by this research,Free and paid-with-ads; sport/live can retain commercial breaks.,https://www.tv4play.se/var-behandlar-vi-datan ; https://www.tv4play.se/paket?return=%2Fkanaler%2Ftabla%3Fd%3D2026-03-11,TV4 Play data and advertising ; Paket och priser,2026-09-06
Ruutu,Nordics,Video,ruutu.fi,M,Free/paid or mixed ad-supported offering documented,Model documented,"Not playback-tested; verify region, plan and player",Not qualified by this research,Free Pluto catalog and paid Ruutu+ with ads.,https://asiakastuki.ruutu.fi/article/152-ruudun-hinnasto ; https://www.ruutu.fi/plutotv-sisaltokirjasto,Ruudun hinnasto - Ruutu-käyttäjätuki ; Ruutu - ei koskaan tylsää hetkeä.,2026-09-06
Viaplay,Nordics,Video,viaplay.com,P,Paid ad-supported offering documented; not generally free,Model documented,"Not playback-tested; verify region, plan and player",Not qualified by this research,Paid with-ads packages and live-ad exceptions; verify each country.,https://help.viaplay.com/is/advertisements-on-viaplay/,Advertisements on Viaplay - Customer Service,2026-09-06
Player Poland,Central Eastern Europe and Balkans,Video,player.pl,M,Free/paid or mixed ad-supported offering documented,Model documented,"Not playback-tested; verify region, plan and player",Not qualified by this research,Free channels and paid ad-free offering; verify ad behavior by package.,https://promocja.player.pl/sprawdz-oferte-ogladaj-wiecej ; https://www.promocja.player.pl/bez-reklam,"Twoje ulubione seriale i programy w Playerze – sprawdź, jaki pakiet wybrać ; Sprawdź pakiet, z którym oglądasz bez reklam!",2026-09-06
Ivi,Turkey Caucasus CIS Ukraine Baltics,Video,ivi.ru,M,Free/paid or mixed ad-supported offering documented,Model documented,"Not playback-tested; verify region, plan and player",Not qualified by this research,Free content interrupted by ads documented; subscription and live exceptions.,https://ask.ivi.ru/knowledge-bases/10/articles/41543-reklama-na-sajte-ivi-sdelat-eyo-menshe-ili-sovsem-ubrat ; https://www.ivi.ru/pages/agreement/agreement.txt,Реклама на сайте Иви (сделать её меньше или совсем убрать) / Иви ; Ivi service agreement,2026-09-06
JioHotstar,India,Video,hotstar.com,P,Paid ad-supported offering documented; not generally free,Model documented,"Not playback-tested; verify region, plan and player",Not qualified by this research,Paid ad-supported Mobile/Super plans; Premium entertainment exception does not remove live sports ads. Some free sampling may vary.,https://www.jiostar.com/news/jiohotstar-introduces-monthly-plans-across-tiers-giving-viewers-more-choice-in-how-they-watch-their-favourite-entertainment/,"JioHotstar Introduces Monthly Plans Across Tiers, Giving Viewers More Choice in How They Watch Their Favourite Entertainment - Jiostar",2026-09-06
MX Player by Prime Video,India,Video,mxplayer.in,F,Free ad-supported offering documented,Model documented,"Not playback-tested; verify region, plan and player",Not qualified by this research,Amazon announced unification rollout in 2026; test remaining web host and Prime Free to Me as surfaces of a transitioning service.,https://www.aboutamazon.in/news/company-news/prime-video-mx-player-india-largest-streaming-service ; https://www.aboutamazon.in/news/company-news/prime-video-mx-player-india-largest-streaming-service,Prime Video and Amazon MX Player unification begins: Here's what's new - About Amazon India ; Prime Video and Amazon MX Player unification begins: Here's what's new - About Amazon India,2026-09-06
SonyLIV,India,Video,sonyliv.com,M,Free/paid or mixed ad-supported offering documented,Model documented,"Not playback-tested; verify region, plan and player",Not qualified by this research,Official FAQ confirms free-user ads and paid ad-supported plans.,https://www.sonyliv.com/faqs,FAQs - Sony LIV,2026-09-06
ZEE5,India,Video,zee5.com,P,Paid ad-supported offering documented; not generally free,Model documented,"Not playback-tested; verify region, plan and player",Not qualified by this research,"Indian plan table explicitly lists paid plans with ads and Laptop/PC support. This is not evidence of a general free tier. Regional, kids and live plans differ.",https://www.zee5.com/myaccount/subscription?campaign-id=shabadreetaurriwaaz&content-id=0-1-6z5861493&language-code=hi&language-duration=DURATION_3M ; https://helpcenter.zee5.com/portal/en/kb/articles/premium-subscription-plans-12-5-2023,Avail the Best ZEE5 Subscription Plan & ZEE5 Offers ; ZEE5 Premium subscription plans,2026-09-06
TVer,Japan,Video,tver.jp,F,Free ad-supported offering documented,Model documented,"Not playback-tested; verify region, plan and player",Not qualified by this research,Official ad-funded free catch-up service; Japanese labels and territorial rights.,https://privacy.tver.jp/,TVerプライバシーガイド,2026-09-06
ABEMA,Japan,Video,abema.tv,M,Free/paid or mixed ad-supported offering documented,Model documented,"Not playback-tested; verify region, plan and player",Not qualified by this research,Free content plus paid advertising-supported Premium documented; qualify each type separately.,https://help.abema.tv/hc/ja/articles/38856389251353-%E5%BA%83%E5%91%8A%E3%81%A4%E3%81%8DABEMA%E3%83%97%E3%83%AC%E3%83%9F%E3%82%A2%E3%83%A0%E3%81%AB%E3%81%A4%E3%81%84%E3%81%A6 ; https://help.abema.tv/hc/ja/articles/360013830391-%E3%81%A9%E3%81%AE%E3%82%88%E3%81%86%E3%81%AA%E6%9C%89%E6%96%99%E3%83%97%E3%83%A9%E3%83%B3%E3%81%8C%E3%81%82%E3%82%8A%E3%81%BE%E3%81%99%E3%81%8B,広告つきABEMAプレミアムについて – ABEMAヘルプ ; どのような有料プランがありますか？ – ABEMAヘルプ,2026-09-06
Coupang Play,Korea Taiwan Hong Kong,Video,coupangplay.com,M,Free/paid or mixed ad-supported offering documented,Model documented,"Not playback-tested; verify region, plan and player",Not qualified by this research,Official free-with-ads offer for Coupang members; WOW/pass entitlements separate.,https://play.coupang.com/en,Coupang Play,2026-09-06
TVING,Korea Taiwan Hong Kong,Video,tving.com,P,Paid ad-supported offering documented; not generally free,Model documented,"Not playback-tested; verify region, plan and player",Not qualified by this research,Paid advertising-supported tier; TVING/Wavve bundles do not prove unified player.,https://www.tving.com/bill/subscription/plan?tab=plus ; https://www.tving.com/bill/subscription/plan?returnUrl=https%3A%2F%2Fwww.tving.com%2Flive%2FC51855,이용권 구독 ; TVING,2026-09-06
LINE TV Taiwan,Korea Taiwan Hong Kong,Video,linetv.tw,M,Free/paid or mixed ad-supported offering documented,Model documented,"Not playback-tested; verify region, plan and player",Not qualified by this research,Free titles with ads plus VIP; unrelated to closed LINE TV Thailand.,https://help.linetv.tw/hc/zh-tw/articles/48925851740441-%E8%A7%80%E7%9C%8B%E5%BD%B1%E7%89%87%E6%98%AF%E5%90%A6%E9%9C%80%E8%A6%81%E4%BB%98%E8%B2%BB,觀看影片是否需要付費？ – LINE TV 客服中心,2026-09-06
Viu,Southeast Asia,Video,viu.com,M,Free/paid or mixed ad-supported offering documented,Model documented,"Not playback-tested; verify region, plan and player",Not qualified by this research,Pan-regional service; official developer confirms premium avoids ads. Free catalog and desktop behavior vary by market.,https://hq.viu.com/ ; https://play.google.com/store/apps/details?id=com.viu.phone,Viu | HQ ; Viu : Korean & Asian content - Apps on Google Play,2026-09-06
WeTV,Southeast Asia,Video,wetv.vip,M,Free/paid or mixed ad-supported offering documented,Model documented,"Not playback-tested; verify region, plan and player",Not qualified by this research,Official free viewing and ad-free VIP described; title/region restrictions.,https://wetv.vip/en?appid=coop_direct_msite_EASIMY%2F1000,"WeTV – Watch Chinese, Korean, Japanese, Thai dramas, anime, and movies for free. We provide Thai, Indonesian, and Malay subtitles and dubbing. Register as a WeTV VIP for an ad-free experience, comment with friends, and enjoy multilingual subtitles.",2026-09-06
iQIYI International,Southeast Asia,Video,iq.com,M,Free/paid or mixed ad-supported offering documented,Model documented,"Not playback-tested; verify region, plan and player",Not qualified by this research,"Free/VIP; VIP skips only some ad types, not all commercial content.",https://pca.iq.com/vip/privilege?is_privilege=1 ; https://intl-help.iq.com/m/?agentType=426&entranceId=PCW%2FH5_navigation&entry=pc&lang=en_us&mod=th&ptid=01010031010014000000,"For VIP privileges, please see ; Help and Feedback",2026-09-06
Vidio,Southeast Asia,Video,vidio.com,M,Free/paid or mixed ad-supported offering documented,Model documented,"Not playback-tested; verify region, plan and player",Not qualified by this research,"July 2026 terms explicitly describe free AVOD, subscription and transactional/PPV models, with website/computer access. Indonesian free VOD, sports and paid titles need separate playback tests.",https://support.vidio.com/support/solutions/articles/43000689191-syarat-ketentuan-vidio,Syarat & Ketentuan Vidio | Support Vidio,2026-09-06
RCTI+,Southeast Asia,Video,rctiplus.com,F,Free ad-supported offering documented,Model documented,"Not playback-tested; verify region, plan and player",Not qualified by this research,Official app listing confirms free content with ads; desktop ad behavior not verified.,https://play.google.com/store/apps/details?gl=ID&id=com.fta.rctitv,RCTI+ Superapp - Apps on Google Play,2026-09-06
mewatch,Southeast Asia,Video,mewatch.sg,M,Free/paid or mixed ad-supported offering documented,Model documented,"Not playback-tested; verify region, plan and player",Not qualified by this research,Official app describes free/premium content; official free-channel page and Mediacorp web video-roll specifications document advertising. Specs include skippable and non-skippable formats; actual placement/player behavior untested.,https://play.google.com/store/apps/details/meWATCH_Watch_Video_Movies_and_TV_Programmes?hl=en_US&id=sg.mediacorp.android ; https://www.mewatch.sg/live-tv/free-channels ; https://creativelab.mediacorp.sg/ad-eg/video-roll.html ; https://www.mewatch.sg/list/30-discount-off-3-month-mewatch-prime-and-FREE-3-month-ROCK-24-7-488253,"mewatch: Watch Video, Movies - Apps on Google Play ; Free Channels - mewatch ; Mediacorp Creative Lab - AdSpec ; 30% discount off 3-month mewatch prime and FREE 3-month ROCK 24/7 - mewatch",2026-09-06
Tonton,Southeast Asia,Video,tonton.com.my,M,Free/paid or mixed ad-supported offering documented,Model documented,"Not playback-tested; verify region, plan and player",Not qualified by this research,Official plan table confirms free ad-supported shows and computer support. TontonUp can retain ads on free shows; local live channels retain ads even with the No-ads upgrade. Qualify each surface separately.,https://stream.tonton.com.my/,"Tonton Malaysia | Watch Dramas, Movies & Shows Online",2026-09-06
sooka,Southeast Asia,Video,sooka.my,M,Free/paid or mixed ad-supported offering documented,Model documented,"Not playback-tested; verify region, plan and player",Not qualified by this research,Official description confirms free ad-supported channels; sports packages separate.,https://s.sooka.my/9FClb7,"sooka-Sports, TV Shows, Movies - Apps on Google Play",2026-09-06
VieON,Southeast Asia,Video,vieon.vn,M,Free/paid or mixed ad-supported offering documented,Model documented,"Not playback-tested; verify region, plan and player",Not qualified by this research,Free web films plus paid no-ads upgrade documented.,https://vieon.vn/huong-dan-su-dung-vieon-website.html?af_adset=tvshow&af_force_deeplink=true&c=owner-yt-tvshow-rvmua4-20sep2024&pid=owner,Hướng Dẫn Sử Dụng VieON Website: Đăng Ký Tài Khoản | Nhận Mã Giảm Giá Độc Quyền | Xem Phim 4K Miễn Phí,2026-09-06
7plus,Australia and New Zealand,Video,7plus.com.au,F,Free ad-supported offering documented,Model documented,"Not playback-tested; verify region, plan and player",Not qualified by this research,Free ad-funded browser TV/live/VOD.,https://support.7plus.com.au/hc/en-au/articles/360060207852-Will-I-see-advertising-on-the-site ; https://support.7plus.com.au/hc/en-au/articles/360060521851-Can-I-access-7plus-for-free,Will I see advertising on the site? – 7plus ; Can I access 7plus for free? – 7plus,2026-09-06
9Now,Australia and New Zealand,Video,9now.com.au,F,Free ad-supported offering documented,Model documented,"Not playback-tested; verify region, plan and player",Not qualified by this research,Free ad-funded live/catch-up; Australian access.,https://help.9now.com.au/hc/en-au/articles/33270561854489-Is-9Now-free-to-use,Is 9Now free to use? – 9Now,2026-09-06
10,Australia and New Zealand,Video,10.com.au,F,Free ad-supported offering documented,Model documented,"Not playback-tested; verify region, plan and player",Not qualified by this research,Former 10 play; official help confirms free live/catch-up with advertising.,https://helpdesk.tenplay.com.au/support/solutions/articles/16000125615-why-does-10-play-have-ads- ; https://helpdesk.tenplay.com.au/support/solutions/articles/16000048101-about-10,Why does 10 have ads? : 10 play ; About 10 : 10,2026-09-06
SBS On Demand,Australia and New Zealand,Video,sbs.com.au,F,Free ad-supported offering documented,Model documented,"Not playback-tested; verify region, plan and player",Not qualified by this research,Free ad-funded service; multilingual VOD/live. Certain ad-category opt-outs are not universal ad-free viewing.,https://help.sbs.com.au/hc/en-au/articles/360002314515-Why-is-there-advertising-on-SBS,Why is there advertising on SBS? – SBS Help Centre,2026-09-06
TVNZ+,Australia and New Zealand,Video,tvnz.co.nz,F,Free ad-supported offering documented,Model documented,"Not playback-tested; verify region, plan and player",Not qualified by this research,Official media kit confirms free service and video ad breaks.,https://sales.tvnz.co.nz/assets/Presentations/TVNZ%2B-Digital-Media-Kit-May-2025.pdf,PowerPoint Presentation,2026-09-06
ThreeNow,Australia and New Zealand,Video,threenow.co.nz,F,Free ad-supported offering documented,Model documented,"Not playback-tested; verify region, plan and player",Not qualified by this research,Official developer lists free live/VOD with ads; desktop ad playback still untested.,https://play.google.com/store/apps/details?hl=en&id=com.mediaworks.android,ThreeNow - Apps on Google Play,2026-09-06
ViX,Latin America and Caribbean,Video,vix.com,M,Free/paid or mixed ad-supported offering documented,Model documented,"Not playback-tested; verify region, plan and player",Not qualified by this research,Separate Gratis and paid Premium with/without ads; do not conflate plans.,https://ayuda.vix.com/hc/es/articles/26019677892365-Preguntas-frecuentes-sobre-ViX-Con-Anuncios ; https://ayuda.vix.com/hc/es/articles/42642211728781--Apostar%C3%ADas-por-M%C3%AD-Puedo-probar-el-contenido-Premium-en-ViX-sin-suscribirme,Preguntas frecuentes sobre ViX Con Anuncios – ViX ; ¿Apostarías por Mí?: ¿Puedo probar el contenido Premium en ViX sin suscribirme? – ViX,2026-09-06
Canela.TV,Latin America and Caribbean,Video,canela.tv,F,Free ad-supported offering documented,Model documented,"Not playback-tested; verify region, plan and player",Not qualified by this research,"Official FAQ: free with ads, web available; US and much of Latin America.",https://static-assets-cdn.edge.api.canela.tv/static/config/static-config/faq.html,Canela.TV FAQ,2026-09-06
Mercado Play,Latin America and Caribbean,Video,mercadolibre.com,F,Free ad-supported offering documented,Model documented,"Not playback-tested; verify region, plan and player",Not qualified by this research,Free viewing and video advertising documented; use the appropriate local Mercado Libre host.,https://global-selling.mercadolibre.com/learning-center/news/find-out?suScope=prod ; https://investor.mercadolibre.com/sites/mercadolibre/files/mercadolibre/results/mercadoLibre-Q424-sec-show.pdf,Mercado Libre ; 0001099590-25-000007,2026-09-06
Globoplay,Latin America and Caribbean,Video,globoplay.globo.com,M,Free/paid or mixed ad-supported offering documented,Model documented,"Not playback-tested; verify region, plan and player",Not qualified by this research,Free tier plus paid with-ads/Premium; pause ads separate from video breaks.,https://ajuda.globo.com/article/Quais-os-tipos-de-plano-do-Globoplay ; https://globoads.globo.com/para-o-seu-negocio/anunciar-no-globoplay/pause-ads,Quais os tipos de plano do Globoplay ; Pause Ads | Globo Ads,2026-09-06
Shahid,Middle East and North Africa,Video,shahid.mbc.net,M,Free/paid or mixed ad-supported offering documented,Model documented,"Not playback-tested; verify region, plan and player",Not qualified by this research,Ad-funded and subscription models documented; live and VIP distinctions.,https://shahid.mbc.net/en/terms-and-conditions ; https://www.mbc.net/ar/news/42,Terms and Conditions | MBC Shahid ; 3Q 2024 Earnings Release,2026-09-06
eVOD,Sub-Saharan Africa,Video,evod.co.za,F,Free ad-supported offering documented,Model documented,"Not playback-tested; verify region, plan and player",Not qualified by this research,Free ad-supported South African service; web runtime still needs qualification.,https://www.etv.co.za/press-releases/evod-now-available-whale-tv,eVOD Now Available on Whale TV,2026-09-06
AfroLandTV,Sub-Saharan Africa,Video,afrolandtv.com,M,Free/paid or mixed ad-supported offering documented,Model documented,"Not playback-tested; verify region, plan and player",Not qualified by this research,Free viewing plus ad-free Premium documented.,https://www.afrolandtv.com/upgrade,| AfroLandTV,2026-09-06
Spotify,Global music radio and podcasts,Audio,open.spotify.com,M,Free/paid or mixed ad-supported offering documented,Model documented,"Not playback-tested; verify region, plan and player",Not qualified by this research,Free songs/podcasts with ads; music breaks and podcast sponsorships are separate problems.,https://open.spotify.com/browse/albums,Spotify – Web Player,2026-09-06
YouTube Music,Global music radio and podcasts,Audio,music.youtube.com,M,Free/paid or mixed ad-supported offering documented,Model documented,"Not playback-tested; verify region, plan and player",Not qualified by this research,Official free ad-supported music/podcasts; separate from youtube.com adapter.,https://support.google.com/youtubemusic/answer/6313529?hl=en,What is YouTube Music? - YouTube Music Help,2026-09-06
SoundCloud,Global music radio and podcasts,Audio,soundcloud.com,M,Free/paid or mixed ad-supported offering documented,Model documented,"Not playback-tested; verify region, plan and player",Not qualified by this research,Free listening with audio/display ads; Go differs by territory and catalog.,https://soundcloud.com/company/plans/go ; https://help.soundcloud.com/hc/en-us/articles/31353227038747-Soundcloud-Go-General-FAQs,Go ; Soundcloud Go General FAQs – SoundCloud Help Center,2026-09-06
Amazon Music Free,Global music radio and podcasts,Audio,music.amazon.com,F,Free ad-supported offering documented,Model documented,"Not playback-tested; verify region, plan and player",Not qualified by this research,Amazon confirms audio ad inventory; distinguish Free from Prime and Unlimited.,https://advertising.amazon.com/help/G9T72834T7Z2K2RB,Amazon DSP audio advertising,2026-09-06
Pandora,Global music radio and podcasts,Audio,pandora.com,M,Free/paid or mixed ad-supported offering documented,Model documented,"Not playback-tested; verify region, plan and player",Not qualified by this research,Free ad-supported tier; primarily US service; paid tiers have exceptions.,https://alexa.pandora.com/privacy,Pandora - Privacy Policy,2026-09-06
iHeartRadio,Global music radio and podcasts,Audio,iheart.com,M,Free/paid or mixed ad-supported offering documented,Model documented,"Not playback-tested; verify region, plan and player",Not qualified by this research,Official help confirms free version funded by ads; some stations retain commercials for subscribers.,https://help.iheart.com/hc/en-us/articles/16944556140685-Why-am-I-hearing-commercials-even-though-I-have-a-subscription,Why am I hearing commercials even though I have a subscription? – iHeartRadio Help,2026-09-06
Audacy,Global music radio and podcasts,Audio,audacy.com,F,Free ad-supported offering documented,Model documented,"Not playback-tested; verify region, plan and player",Not qualified by this research,Free stations funded by ads; geographically targeted audio ads documented.,https://support.audacy.com/hc/en-us/articles/13767116748059-Is-Audacy-Free ; https://support.audacy.com/hc/en-us/articles/39469742083995-Why-am-I-hearing-ads-for-a-different-area-or-city-than-my-current-location,Is Audacy Free? – Audacy Support ; Why am I hearing ads for a different area or city than my current location? – Audacy Support,2026-09-06
LiveOne,Global music radio and podcasts,Audio,liveone.com,M,Free/paid or mixed ad-supported offering documented,Model documented,"Not playback-tested; verify region, plan and player",Not qualified by this research,Official help confirms free ad-sponsored service after paid cancellation.,https://support.liveone.com/hc/en-us/articles/4415471548315-Cancel-a-LiveOne-Subscription,Cancel a LiveOne Subscription – LiveOne,2026-09-06
Audiomack,Global music radio and podcasts,Audio,audiomack.com,M,Free/paid or mixed ad-supported offering documented,Model documented,"Not playback-tested; verify region, plan and player",Not qualified by this research,Paid upgrade removes ad interruptions; app-only features do not prove browser parity.,https://creators.audiomack.com/premium,Audiomack | Free Music Sharing and Discovery,2026-09-06
iVoox,Global music radio and podcasts,Audio,ivoox.com,M,Free/paid or mixed ad-supported offering documented,Model documented,"Not playback-tested; verify region, plan and player",Not qualified by this research,Free podcasts/radio plus ad-free paid options; host-read sponsorship remains separate.,https://www.ivoox.com/planes ; https://www.ivoox.com/en/,Planes de iVoox: Premium y Plus ; The leading podcast platform in Spanish - iVoox,2026-09-06
JioSaavn,Regional audio,Audio,jiosaavn.com,M,Free/paid or mixed ad-supported offering documented,Model documented,"Not playback-tested; verify region, plan and player",Not qualified by this research,Free listening with Pro ad-free upgrade; browser eligibility/ad format needs runtime check.,https://www.jio.com/help/faq/jio-apps/jiosaavn/do-i-have-to-pay-for-using-features-in-jiosaavn/ ; https://www.jio.com/apps/jiosaavn/,Do I have to pay for using features in JioSaavn? ; JioSaavn Free Song App - Download Latest Songs Online & Music App,2026-09-06
Boomplay,Regional audio,Audio,boomplay.com,M,Free/paid or mixed ad-supported offering documented,Model documented,"Not playback-tested; verify region, plan and player",Not qualified by this research,Official developer describes free service funded by ads; browser feature parity unverified.,https://play.google.com/store/apps/details?hl=en_US&id=com.afmobi.boomplayer,Boomplay: Music & Live Stream - Apps on Google Play,2026-09-06
Anghami,Regional audio,Audio,play.anghami.com,M,Free/paid or mixed ad-supported offering documented,Model documented,"Not playback-tested; verify region, plan and player",Not qualified by this research,Official help explicitly documents ads on the free plan through a temporary ad-removal offer. Homepage plan extraction remains ambiguous; territory eligibility and desktop parity are untested.,https://support.anghami.com/hc/en-us/articles/9198311576602-Anghami-Ads-Free-Offer-How-It-Works ; https://support.anghami.com/hc/en-us/categories/204110868-Advertise-on-Anghami ; https://support.anghami.com/hc/en-us/articles/9198311576602-Anghami-Ads-Free-Offer-How-It-Works,Anghami Ads-Free Offer – How It Works? – Anghami Help Center ; Advertise on Anghami – Anghami Help Center ; Anghami Ads-Free Offer – How It Works? – Anghami Help Center,2026-09-06
TREBEL,Regional audio,Audio,trebelmusic.com,M,Free/paid or mixed ad-supported offering documented,Model documented,"Not playback-tested; verify region, plan and player",Not qualified by this research,"Official app describes free daily allowance with ads; app-first, desktop player not established.",https://play.google.com/store/apps/details?hl=en_US&id=com.mmm.trebelmusic,"TREBEL: Music, MP3 & Podcasts - Apps on Google Play",2026-09-06
Pornhub,Adult video and live-camera services,Adult,pornhub.com,A,Adult advertising inventory documented; free/player details require qualification,Model documented,"Not playback-tested; verify region, plan and player",Not qualified by this research,Adult ad placement confirmed by official ad network; local eligibility required; no playback tested.,https://www.trafficjunky.com/advertiser/ad-formats,"TrafficJunky Ad Formats: Advertise on Pornhub, YouPorn & More | TrafficJunky",2026-09-06
YouPorn,Adult video and live-camera services,Adult,youporn.com,A,Adult advertising inventory documented; free/player details require qualification,Model documented,"Not playback-tested; verify region, plan and player",Not qualified by this research,Adult ad placement confirmed; video/display formats must be distinguished.,https://www.trafficjunky.com/advertiser/ad-formats,"TrafficJunky Ad Formats: Advertise on Pornhub, YouPorn & More | TrafficJunky",2026-09-06
RedTube,Adult video and live-camera services,Adult,redtube.com,A,Adult advertising inventory documented; free/player details require qualification,Model documented,"Not playback-tested; verify region, plan and player",Not qualified by this research,Adult ad placement confirmed; no playback tested.,https://www.trafficjunky.com/advertiser/ad-formats,"TrafficJunky Ad Formats: Advertise on Pornhub, YouPorn & More | TrafficJunky",2026-09-06
Tube8,Adult video and live-camera services,Adult,tube8.com,A,Adult advertising inventory documented; free/player details require qualification,Model documented,"Not playback-tested; verify region, plan and player",Not qualified by this research,Official network still lists placement; independently verify active service/browser before adapter.,https://www.trafficjunky.com/advertiser/ad-formats,"TrafficJunky Ad Formats: Advertise on Pornhub, YouPorn & More | TrafficJunky",2026-09-06
xHamster,Adult video and live-camera services,Adult,xhamster.com,A,Adult advertising inventory documented; free/player details require qualification,Model documented,"Not playback-tested; verify region, plan and player",Not qualified by this research,"Official advertising partner lists pre-roll, popunder and other formats.",https://trafficstars.com/product/xhamster-ads,xHamster's ads Exclusive Ad Partner TrafficStars,2026-09-06
Eporner,Adult video and live-camera services,Adult,eporner.com,A,Adult advertising inventory documented; free/player details require qualification,Model documented,"Not playback-tested; verify region, plan and player",Not qualified by this research,Ad-network case study confirms advertising inventory; current player behavior untested.,https://trafficstars.com/blog/case-study-scaling-an-igaming-offer-in-mena-to-1536-ftd,"Case Study: Scaling an iGaming Offer in MENA to 1,536 FTD",2026-09-06
DAZN,Additional sports surfaces,Video,dazn.com,M,Free/paid or mixed ad-supported offering documented,Model documented,"Not playback-tested; verify region, plan and player",Not qualified by this research,Free selection plus paid passes; ad sales documented. Qualify each territory and rights package.,https://www.dazn.com/en-IT/help/articles/16738769256733-free-offer ; https://biz.dazn.com/mediaguide/,Free-Offer | DAZN IT ; DAZN広告 媒体資料ダウンロード,2026-09-06
12+ / mako,Iran and Israel,Video,12plus.tv,M,Free/paid or mixed ad-supported offering documented,Model documented,"Not playback-tested; verify region, plan and player",Not qualified by this research,Israeli browser video with paid ad-removal/pre-roll-only choices documented; entitlement/territory restrictions apply.,https://www.mako.co.il/mako-vod-help/Article-d09b3267d356081026.htm?Partner=blockscomp ; https://www.mako.co.il/mako-vod-help/Article-dd0b75e6b096e71026.htm?partner=purchase_page,עזרה ותמיכה למשתמשי אפליקציית הסטרימינג | +12 ; תקנון צפייה בתשלום ב +12 | +12,2026-09-06
